id,company_id,user_id,service_id,advertisement_id,execution_type,specialist_id,team_member_id,booking_date,booking_time,duration_minutes,price,total_price,status,notes,client_notes,client_name,client_phone,client_email,review_token,review_token_expires_at,cancelled_at,cancellation_reason,created_at,updated_at,deleted_at
1,3,6,1763953506957,,onsite,1,,"2025-11-26 00:00:00",11:00,15,120,,pending,,,Сергей,123123213213,,,,,,"2025-11-24 06:36:17","2025-11-24 06:50:55","2025-11-24 06:50:55"
2,3,6,1763953506957,,onsite,,,"2025-11-26 00:00:00",12:00,15,120,,pending,,,Сергей2,123123123123,,,,,,"2025-11-24 06:36:54","2025-11-24 06:50:58","2025-11-24 06:50:58"
3,3,6,1763953506957,,onsite,1,,"2025-11-28 00:00:00",12:00,15,120,,new,,,Сергей,123123123123,,,,,,"2025-11-24 06:51:17","2025-11-29 20:54:47","2025-11-29 20:54:47"
4,3,6,1763953506957,,onsite,1,,"2025-11-28 00:00:00",12:00,15,120,,new,,,Gfif,knoj,,,,,,"2025-11-24 18:10:18","2025-11-29 20:54:47","2025-11-29 20:54:47"
5,3,3,1763950781222,,onsite,2,,"2025-11-28 00:00:00",14:00,180,200,,cancelled,,,"Иван Иванов","+7 (999) 111-11-11",client@ecme.com,,,"2025-11-24 21:05:40","Отменено клиентом","2025-11-24 20:50:27","2025-11-29 20:54:47","2025-11-29 20:54:47"
6,3,3,1763950781218,,onsite,1,,"2025-11-29 00:00:00",06:00:00,90,80,,completed,,,"Иван Иванов","+7 (999) 111-11-11",client@ecme.com,,,,,"2025-11-24 21:13:16","2025-11-29 20:54:47","2025-11-29 20:54:47"
7,3,3,6,,onsite,,,"2025-11-26 00:00:00",13:43,180,150,,pending,"Тестовое бронирование для ЛА Клининг",,"Test Client","+1 (555) 123-4567",client@ecme.com,,,,,"2025-11-25 16:19:30","2025-11-29 20:54:47","2025-11-29 20:54:47"
8,3,3,6,,onsite,,,"2025-11-26 00:00:00",12:07,180,150,,pending,"Тестовое бронирование для ЛА Клининг",,"Test Client","+1 (555) 123-4567",client@ecme.com,,,,,"2025-11-25 16:19:30","2025-11-29 20:54:47","2025-11-29 20:54:47"
9,3,3,6,,onsite,,,"2025-11-27 00:00:00",11:53,180,150,,confirmed,"Тестовое бронирование для ЛА Клининг",,"Test Client","+1 (555) 123-4567",client@ecme.com,,,,,"2025-11-25 16:19:30","2025-11-29 20:54:47","2025-11-29 20:54:47"
10,3,3,6,,onsite,,,"2025-11-28 00:00:00",13:35,180,150,,pending,"Тестовое бронирование для ЛА Клининг",,"Test Client","+1 (555) 123-4567",client@ecme.com,,,,,"2025-11-25 16:19:30","2025-11-29 20:54:47","2025-11-29 20:54:47"
11,3,3,6,,onsite,,,"2025-11-28 00:00:00",10:01,180,150,,confirmed,"Тестовое бронирование для ЛА Клининг",,"Test Client","+1 (555) 123-4567",client@ecme.com,,,,,"2025-11-25 16:19:30","2025-11-29 20:54:47","2025-11-29 20:54:47"
12,3,3,6,,onsite,,,"2025-11-29 00:00:00",10:27,180,150,,pending,"Тестовое бронирование для ЛА Клининг",,"Test Client","+1 (555) 123-4567",client@ecme.com,,,,,"2025-11-25 16:19:30","2025-11-29 20:54:47","2025-11-29 20:54:47"
13,3,3,6,,onsite,,,"2025-11-29 00:00:00",10:54,180,150,,pending,"Тестовое бронирование для ЛА Клининг",,"Test Client","+1 (555) 123-4567",client@ecme.com,,,,,"2025-11-25 16:19:30","2025-11-29 20:54:47","2025-11-29 20:54:47"
14,3,3,6,,onsite,,,"2025-12-01 00:00:00",14:16,180,150,,pending,"Тестовое бронирование для ЛА Клининг",,"Test Client","+1 (555) 123-4567",client@ecme.com,,,,,"2025-11-25 16:19:30","2025-11-29 20:54:47","2025-11-29 20:54:47"
15,3,3,6,,onsite,,,"2025-12-01 00:00:00",11:28,180,150,,pending,"Тестовое бронирование для ЛА Клининг",,"Test Client","+1 (555) 123-4567",client@ecme.com,,,,,"2025-11-25 16:19:30","2025-11-29 20:54:47","2025-11-29 20:54:47"
16,3,3,6,,onsite,,,"2025-12-02 00:00:00",12:50,180,150,,pending,"Тестовое бронирование для ЛА Клининг",,"Test Client","+1 (555) 123-4567",client@ecme.com,,,,,"2025-11-25 16:19:30","2025-11-29 20:54:47","2025-11-29 20:54:47"
17,3,3,6,,onsite,,,"2025-12-02 00:00:00",12:30,180,150,,pending,"Тестовое бронирование для ЛА Клининг",,"Test Client","+1 (555) 123-4567",client@ecme.com,,,,,"2025-11-25 16:19:30","2025-11-29 20:54:47","2025-11-29 20:54:47"
18,3,3,1,,onsite,,,"2025-11-26 00:00:00",12:58,180,150,,confirmed,"Тестовое бронирование для Premium Cleaning Miami",,"Test Client","+1 (555) 123-4567",client@ecme.com,,,,,"2025-11-25 16:19:30","2025-11-29 20:54:47","2025-11-29 20:54:47"
19,3,3,1,,onsite,,,"2025-11-27 00:00:00",14:44,180,150,,pending,"Тестовое бронирование для Premium Cleaning Miami",,"Test Client","+1 (555) 123-4567",client@ecme.com,,,,,"2025-11-25 16:19:30","2025-11-29 20:54:47","2025-11-29 20:54:47"
20,3,3,1,,onsite,,,"2025-11-27 00:00:00",16:35,180,150,,pending,"Тестовое бронирование для Premium Cleaning Miami",,"Test Client","+1 (555) 123-4567",client@ecme.com,,,,,"2025-11-25 16:19:30","2025-11-29 20:54:47","2025-11-29 20:54:47"
21,3,3,1,,onsite,,,"2025-11-28 00:00:00",08:39,180,150,,pending,"Тестовое бронирование для Premium Cleaning Miami",,"Test Client","+1 (555) 123-4567",client@ecme.com,,,,,"2025-11-25 16:19:30","2025-11-29 20:54:47","2025-11-29 20:54:47"
22,3,3,1,,onsite,,,"2025-11-29 00:00:00",12:51,180,150,,pending,"Тестовое бронирование для Premium Cleaning Miami",,"Test Client","+1 (555) 123-4567",client@ecme.com,,,,,"2025-11-25 16:19:30","2025-11-29 20:54:47","2025-11-29 20:54:47"
23,3,3,1,,onsite,,,"2025-11-29 00:00:00",11:30,180,150,,pending,"Тестовое бронирование для Premium Cleaning Miami",,"Test Client","+1 (555) 123-4567",client@ecme.com,,,,,"2025-11-25 16:19:30","2025-11-29 20:54:47","2025-11-29 20:54:47"
24,3,3,1,,onsite,,,"2025-12-01 00:00:00",15:18,180,150,,confirmed,"Тестовое бронирование для Premium Cleaning Miami",,"Test Client","+1 (555) 123-4567",client@ecme.com,,,,,"2025-11-25 16:19:30","2025-11-29 20:54:47","2025-11-29 20:54:47"
25,3,3,1,,onsite,,,"2025-12-01 00:00:00",10:20,180,150,,pending,"Тестовое бронирование для Premium Cleaning Miami",,"Test Client","+1 (555) 123-4567",client@ecme.com,,,,,"2025-11-25 16:19:30","2025-11-29 20:54:47","2025-11-29 20:54:47"
26,3,3,1,,onsite,,,"2025-12-02 00:00:00",16:17,180,150,,pending,"Тестовое бронирование для Premium Cleaning Miami",,"Test Client","+1 (555) 123-4567",client@ecme.com,,,,,"2025-11-25 16:19:30","2025-11-29 20:54:47","2025-11-29 20:54:47"
27,3,3,1,,onsite,,,"2025-12-02 00:00:00",09:16,180,150,,pending,"Тестовое бронирование для Premium Cleaning Miami",,"Test Client","+1 (555) 123-4567",client@ecme.com,,,,,"2025-11-25 16:19:30","2025-11-29 20:54:47","2025-11-29 20:54:47"
28,3,3,1,,onsite,,,"2025-11-26 00:00:00",16:42,90,120,,pending,"Тестовое бронирование для Elite Auto Service LA",,"Test Client","+1 (555) 123-4567",client@ecme.com,,,,,"2025-11-25 16:19:30","2025-11-29 20:54:47","2025-11-29 20:54:47"
29,3,3,1,,onsite,,,"2025-11-26 00:00:00",15:49,90,120,,pending,"Тестовое бронирование для Elite Auto Service LA",,"Test Client","+1 (555) 123-4567",client@ecme.com,,,,,"2025-11-25 16:19:30","2025-11-29 20:54:47","2025-11-29 20:54:47"
30,3,3,1,,onsite,,,"2025-11-27 00:00:00",11:34,90,120,,pending,"Тестовое бронирование для Elite Auto Service LA",,"Test Client","+1 (555) 123-4567",client@ecme.com,,,,,"2025-11-25 16:19:30","2025-11-29 20:54:47","2025-11-29 20:54:47"
31,3,3,1,,onsite,,,"2025-11-28 00:00:00",15:12,90,120,,pending,"Тестовое бронирование для Elite Auto Service LA",,"Test Client","+1 (555) 123-4567",client@ecme.com,,,,,"2025-11-25 16:19:30","2025-11-29 20:54:47","2025-11-29 20:54:47"
32,3,3,1,,onsite,,,"2025-11-28 00:00:00",14:27,90,120,,pending,"Тестовое бронирование для Elite Auto Service LA",,"Test Client","+1 (555) 123-4567",client@ecme.com,,,,,"2025-11-25 16:19:30","2025-11-29 20:54:47","2025-11-29 20:54:47"
33,3,3,1,,onsite,,,"2025-11-29 00:00:00",10:48,90,120,,pending,"Тестовое бронирование для Elite Auto Service LA",,"Test Client","+1 (555) 123-4567",client@ecme.com,,,,,"2025-11-25 16:19:30","2025-11-29 20:54:47","2025-11-29 20:54:47"
34,3,3,1,,onsite,,,"2025-12-01 00:00:00",16:55,90,120,,confirmed,"Тестовое бронирование для Elite Auto Service LA",,"Test Client","+1 (555) 123-4567",client@ecme.com,,,,,"2025-11-25 16:19:30","2025-11-29 20:54:47","2025-11-29 20:54:47"
35,3,3,1,,onsite,,,"2025-12-02 00:00:00",14:06,90,120,,confirmed,"Тестовое бронирование для Elite Auto Service LA",,"Test Client","+1 (555) 123-4567",client@ecme.com,,,,,"2025-11-25 16:19:30","2025-11-29 20:54:47","2025-11-29 20:54:47"
36,3,3,1,,onsite,,,"2025-11-26 00:00:00",17:02,90,85,,confirmed,"Тестовое бронирование для Glamour Beauty Studio NYC",,"Test Client","+1 (555) 123-4567",client@ecme.com,,,,,"2025-11-25 16:19:30","2025-11-29 20:54:47","2025-11-29 20:54:47"
37,3,3,1,,onsite,,,"2025-11-27 00:00:00",11:52,90,85,,pending,"Тестовое бронирование для Glamour Beauty Studio NYC",,"Test Client","+1 (555) 123-4567",client@ecme.com,,,,,"2025-11-25 16:19:30","2025-11-29 20:54:47","2025-11-29 20:54:47"
38,3,3,1,,onsite,,,"2025-11-27 00:00:00",18:37,90,85,,confirmed,"Тестовое бронирование для Glamour Beauty Studio NYC",,"Test Client","+1 (555) 123-4567",client@ecme.com,,,,,"2025-11-25 16:19:30","2025-11-29 20:54:47","2025-11-29 20:54:47"
39,3,3,1,,onsite,,,"2025-11-28 00:00:00",10:18,90,85,,pending,"Тестовое бронирование для Glamour Beauty Studio NYC",,"Test Client","+1 (555) 123-4567",client@ecme.com,,,,,"2025-11-25 16:19:30","2025-11-29 20:54:47","2025-11-29 20:54:47"
40,3,3,1,,onsite,,,"2025-11-28 00:00:00",17:35,90,85,,confirmed,"Тестовое бронирование для Glamour Beauty Studio NYC",,"Test Client","+1 (555) 123-4567",client@ecme.com,,,,,"2025-11-25 16:19:30","2025-11-29 20:54:47","2025-11-29 20:54:47"
41,3,3,1,,onsite,,,"2025-11-29 00:00:00",15:39,90,85,,pending,"Тестовое бронирование для Glamour Beauty Studio NYC",,"Test Client","+1 (555) 123-4567",client@ecme.com,,,,,"2025-11-25 16:19:30","2025-11-29 20:54:47","2025-11-29 20:54:47"
42,3,3,1,,onsite,,,"2025-11-29 00:00:00",12:34,90,85,,confirmed,"Тестовое бронирование для Glamour Beauty Studio NYC",,"Test Client","+1 (555) 123-4567",client@ecme.com,,,,,"2025-11-25 16:19:30","2025-11-29 20:54:47","2025-11-29 20:54:47"
43,3,3,1,,onsite,,,"2025-11-30 00:00:00",11:03,90,85,,pending,"Тестовое бронирование для Glamour Beauty Studio NYC",,"Test Client","+1 (555) 123-4567",client@ecme.com,,,,,"2025-11-25 16:19:30","2025-11-29 20:54:47","2025-11-29 20:54:47"
44,3,3,1,,onsite,,,"2025-11-30 00:00:00",13:23,90,85,,pending,"Тестовое бронирование для Glamour Beauty Studio NYC",,"Test Client","+1 (555) 123-4567",client@ecme.com,,,,,"2025-11-25 16:19:30","2025-11-29 20:54:47","2025-11-29 20:54:47"
45,3,3,1,,onsite,,,"2025-12-02 00:00:00",12:37,90,85,,confirmed,"Тестовое бронирование для Glamour Beauty Studio NYC",,"Test Client","+1 (555) 123-4567",client@ecme.com,,,,,"2025-11-25 16:19:30","2025-11-29 20:54:47","2025-11-29 20:54:47"
46,3,3,1,,onsite,,,"2025-12-02 00:00:00",14:31,90,85,,confirmed,"Тестовое бронирование для Glamour Beauty Studio NYC",,"Test Client","+1 (555) 123-4567",client@ecme.com,,,,,"2025-11-25 16:19:30","2025-11-29 20:54:47","2025-11-29 20:54:47"
47,3,3,1,,onsite,,,"2025-11-26 00:00:00",10:40,60,120,,pending,"Тестовое бронирование для Zen Wellness Spa SF",,"Test Client","+1 (555) 123-4567",client@ecme.com,,,,,"2025-11-25 16:19:30","2025-11-29 20:54:47","2025-11-29 20:54:47"
48,3,3,1,,onsite,,,"2025-11-26 00:00:00",15:41,60,120,,pending,"Тестовое бронирование для Zen Wellness Spa SF",,"Test Client","+1 (555) 123-4567",client@ecme.com,,,,,"2025-11-25 16:19:30","2025-11-29 20:54:47","2025-11-29 20:54:47"
49,3,3,1,,onsite,,,"2025-11-27 00:00:00",15:05,60,120,,pending,"Тестовое бронирование для Zen Wellness Spa SF",,"Test Client","+1 (555) 123-4567",client@ecme.com,,,,,"2025-11-25 16:19:30","2025-11-29 20:54:47","2025-11-29 20:54:47"
50,3,3,1,,onsite,,,"2025-11-27 00:00:00",10:45,60,120,,confirmed,"Тестовое бронирование для Zen Wellness Spa SF",,"Test Client","+1 (555) 123-4567",client@ecme.com,,,,,"2025-11-25 16:19:30","2025-11-29 20:54:47","2025-11-29 20:54:47"
51,3,3,1,,onsite,,,"2025-11-28 00:00:00",18:27,60,120,,pending,"Тестовое бронирование для Zen Wellness Spa SF",,"Test Client","+1 (555) 123-4567",client@ecme.com,,,,,"2025-11-25 16:19:30","2025-11-29 20:54:47","2025-11-29 20:54:47"
52,3,3,1,,onsite,,,"2025-11-29 00:00:00",15:16,60,120,,pending,"Тестовое бронирование для Zen Wellness Spa SF",,"Test Client","+1 (555) 123-4567",client@ecme.com,,,,,"2025-11-25 16:19:30","2025-11-29 20:54:47","2025-11-29 20:54:47"
53,3,3,1,,onsite,,,"2025-11-30 00:00:00",11:46,60,120,,pending,"Тестовое бронирование для Zen Wellness Spa SF",,"Test Client","+1 (555) 123-4567",client@ecme.com,,,,,"2025-11-25 16:19:30","2025-11-29 20:54:47","2025-11-29 20:54:47"
54,3,3,1,,onsite,,,"2025-12-01 00:00:00",14:47,60,120,,confirmed,"Тестовое бронирование для Zen Wellness Spa SF",,"Test Client","+1 (555) 123-4567",client@ecme.com,,,,,"2025-11-25 16:19:30","2025-11-29 20:54:47","2025-11-29 20:54:47"
55,3,3,1,,onsite,,,"2025-12-02 00:00:00",11:54,60,120,,pending,"Тестовое бронирование для Zen Wellness Spa SF",,"Test Client","+1 (555) 123-4567",client@ecme.com,,,,,"2025-11-25 16:19:30","2025-11-29 20:54:47","2025-11-29 20:54:47"
56,3,3,1,,onsite,,,"2025-11-26 00:00:00",13:48,1440,5000,,pending,"Тестовое бронирование для ProFix Home Repair Chicago",,"Test Client","+1 (555) 123-4567",client@ecme.com,,,,,"2025-11-25 16:19:30","2025-11-29 20:54:47","2025-11-29 20:54:47"
57,3,3,1,,onsite,,,"2025-11-26 00:00:00",14:08,1440,5000,,pending,"Тестовое бронирование для ProFix Home Repair Chicago",,"Test Client","+1 (555) 123-4567",client@ecme.com,,,,,"2025-11-25 16:19:30","2025-11-29 20:54:47","2025-11-29 20:54:47"
58,3,3,1,,onsite,,,"2025-11-27 00:00:00",16:52,1440,5000,,confirmed,"Тестовое бронирование для ProFix Home Repair Chicago",,"Test Client","+1 (555) 123-4567",client@ecme.com,,,,,"2025-11-25 16:19:30","2025-11-29 20:54:47","2025-11-29 20:54:47"
59,3,3,1,,onsite,,,"2025-11-27 00:00:00",11:02,1440,5000,,pending,"Тестовое бронирование для ProFix Home Repair Chicago",,"Test Client","+1 (555) 123-4567",client@ecme.com,,,,,"2025-11-25 16:19:30","2025-11-29 20:54:47","2025-11-29 20:54:47"
60,3,3,1,,onsite,,,"2025-11-28 00:00:00",15:34,1440,5000,,pending,"Тестовое бронирование для ProFix Home Repair Chicago",,"Test Client","+1 (555) 123-4567",client@ecme.com,,,,,"2025-11-25 16:19:30","2025-11-29 20:54:47","2025-11-29 20:54:47"
61,3,3,1,,onsite,,,"2025-11-28 00:00:00",16:16,1440,5000,,pending,"Тестовое бронирование для ProFix Home Repair Chicago",,"Test Client","+1 (555) 123-4567",client@ecme.com,,,,,"2025-11-25 16:19:30","2025-11-29 20:54:47","2025-11-29 20:54:47"
62,3,3,1,,onsite,,,"2025-11-29 00:00:00",09:39,1440,5000,,pending,"Тестовое бронирование для ProFix Home Repair Chicago",,"Test Client","+1 (555) 123-4567",client@ecme.com,,,,,"2025-11-25 16:19:30","2025-11-29 20:54:47","2025-11-29 20:54:47"
63,3,3,1,,onsite,,,"2025-12-01 00:00:00",09:59,1440,5000,,confirmed,"Тестовое бронирование для ProFix Home Repair Chicago",,"Test Client","+1 (555) 123-4567",client@ecme.com,,,,,"2025-11-25 16:19:30","2025-11-29 20:54:47","2025-11-29 20:54:47"
64,3,3,1,,onsite,,,"2025-12-02 00:00:00",11:57,1440,5000,,pending,"Тестовое бронирование для ProFix Home Repair Chicago",,"Test Client","+1 (555) 123-4567",client@ecme.com,,,,,"2025-11-25 16:19:30","2025-11-29 20:54:47","2025-11-29 20:54:47"
65,3,3,1,,onsite,,,"2025-12-02 00:00:00",10:06,1440,5000,,pending,"Тестовое бронирование для ProFix Home Repair Chicago",,"Test Client","+1 (555) 123-4567",client@ecme.com,,,,,"2025-11-25 16:19:30","2025-11-29 20:54:47","2025-11-29 20:54:47"
66,3,3,1,,onsite,,,"2025-11-26 00:00:00",11:59,90,80,,pending,"Тестовое бронирование для Green Paradise Landscaping",,"Test Client","+1 (555) 123-4567",client@ecme.com,,,,,"2025-11-25 16:19:30","2025-11-29 20:54:47","2025-11-29 20:54:47"
67,3,3,1,,onsite,,,"2025-11-26 00:00:00",14:18,90,80,,confirmed,"Тестовое бронирование для Green Paradise Landscaping",,"Test Client","+1 (555) 123-4567",client@ecme.com,,,,,"2025-11-25 16:19:30","2025-11-29 20:54:47","2025-11-29 20:54:47"
68,3,3,1,,onsite,,,"2025-11-27 00:00:00",10:52,90,80,,pending,"Тестовое бронирование для Green Paradise Landscaping",,"Test Client","+1 (555) 123-4567",client@ecme.com,,,,,"2025-11-25 16:19:30","2025-11-29 20:54:47","2025-11-29 20:54:47"
69,3,3,1,,onsite,,,"2025-11-27 00:00:00",14:05,90,80,,confirmed,"Тестовое бронирование для Green Paradise Landscaping",,"Test Client","+1 (555) 123-4567",client@ecme.com,,,,,"2025-11-25 16:19:30","2025-11-29 20:54:47","2025-11-29 20:54:47"
70,3,3,1,,onsite,,,"2025-11-28 00:00:00",07:43,90,80,,pending,"Тестовое бронирование для Green Paradise Landscaping",,"Test Client","+1 (555) 123-4567",client@ecme.com,,,,,"2025-11-25 16:19:30","2025-11-29 20:54:47","2025-11-29 20:54:47"
71,3,3,1,,onsite,,,"2025-11-29 00:00:00",08:09,90,80,,confirmed,"Тестовое бронирование для Green Paradise Landscaping",,"Test Client","+1 (555) 123-4567",client@ecme.com,,,,,"2025-11-25 16:19:30","2025-11-29 20:54:47","2025-11-29 20:54:47"
72,3,3,1,,onsite,,,"2025-11-29 00:00:00",10:52,90,80,,confirmed,"Тестовое бронирование для Green Paradise Landscaping",,"Test Client","+1 (555) 123-4567",client@ecme.com,,,,,"2025-11-25 16:19:30","2025-11-27 14:23:07","2025-11-27 14:23:07"
73,3,3,1,,onsite,,,"2025-12-01 00:00:00",11:13,90,80,,pending,"Тестовое бронирование для Green Paradise Landscaping",,"Test Client","+1 (555) 123-4567",client@ecme.com,,,,,"2025-11-25 16:19:30","2025-11-29 20:54:47","2025-11-29 20:54:47"
74,3,3,1,,onsite,,,"2025-12-01 00:00:00",12:06,90,80,,confirmed,"Тестовое бронирование для Green Paradise Landscaping",,"Test Client","+1 (555) 123-4567",client@ecme.com,,,,,"2025-11-25 16:19:30","2025-11-29 20:54:47","2025-11-29 20:54:47"
75,3,3,1,,onsite,,,"2025-12-02 00:00:00",14:29,90,80,,confirmed,"Тестовое бронирование для Green Paradise Landscaping",,"Test Client","+1 (555) 123-4567",client@ecme.com,,,,,"2025-11-25 16:19:30","2025-11-29 20:54:47","2025-11-29 20:54:47"
76,3,3,1,,onsite,,,"2025-11-26 00:00:00",18:02,90,90,,confirmed,"Тестовое бронирование для Elite Tutors Boston",,"Test Client","+1 (555) 123-4567",client@ecme.com,,,,,"2025-11-25 16:19:30","2025-11-29 20:54:47","2025-11-29 20:54:47"
77,3,3,1,,onsite,,,"2025-11-26 00:00:00",15:10,90,90,,confirmed,"Тестовое бронирование для Elite Tutors Boston",,"Test Client","+1 (555) 123-4567",client@ecme.com,,,,,"2025-11-25 16:19:30","2025-11-29 20:54:47","2025-11-29 20:54:47"
78,3,3,1,,onsite,,,"2025-11-27 00:00:00",15:11,90,90,,confirmed,"Тестовое бронирование для Elite Tutors Boston",,"Test Client","+1 (555) 123-4567",client@ecme.com,,,,,"2025-11-25 16:19:30","2025-11-29 20:54:47","2025-11-29 20:54:47"
79,3,3,1,,onsite,,,"2025-11-28 00:00:00",15:58,90,90,,pending,"Тестовое бронирование для Elite Tutors Boston",,"Test Client","+1 (555) 123-4567",client@ecme.com,,,,,"2025-11-25 16:19:30","2025-11-29 20:54:47","2025-11-29 20:54:47"
80,3,3,1,,onsite,,,"2025-11-29 00:00:00",10:16,90,90,,confirmed,"Тестовое бронирование для Elite Tutors Boston",,"Test Client","+1 (555) 123-4567",client@ecme.com,,,,,"2025-11-25 16:19:30","2025-11-29 20:54:47","2025-11-29 20:54:47"
81,3,3,1,,onsite,,,"2025-11-30 00:00:00",12:54,90,90,,confirmed,"Тестовое бронирование для Elite Tutors Boston",,"Test Client","+1 (555) 123-4567",client@ecme.com,,,,,"2025-11-25 16:19:30","2025-11-29 20:54:47","2025-11-29 20:54:47"
82,3,3,1,,onsite,,,"2025-11-30 00:00:00",13:33,90,90,,confirmed,"Тестовое бронирование для Elite Tutors Boston",,"Test Client","+1 (555) 123-4567",client@ecme.com,,,,,"2025-11-25 16:19:30","2025-11-29 20:54:47","2025-11-29 20:54:47"
83,3,3,1,,onsite,,,"2025-12-01 00:00:00",17:55,90,90,,confirmed,"Тестовое бронирование для Elite Tutors Boston",,"Test Client","+1 (555) 123-4567",client@ecme.com,,,,,"2025-11-25 16:19:30","2025-11-29 20:54:47","2025-11-29 20:54:47"
84,3,3,1,,onsite,,,"2025-12-02 00:00:00",18:55,90,90,,pending,"Тестовое бронирование для Elite Tutors Boston",,"Test Client","+1 (555) 123-4567",client@ecme.com,,,,,"2025-11-25 16:19:30","2025-11-29 20:54:47","2025-11-29 20:54:47"
85,3,3,1,,onsite,,,"2025-11-26 00:00:00",10:13,480,1200,,pending,"Тестовое бронирование для Pacific Photography Studio",,"Test Client","+1 (555) 123-4567",client@ecme.com,,,,,"2025-11-25 16:19:30","2025-11-29 20:23:29","2025-11-29 20:23:29"
86,3,3,1,,onsite,,,"2025-11-27 00:00:00",11:41,480,1200,,confirmed,"Тестовое бронирование для Pacific Photography Studio",,"Test Client","+1 (555) 123-4567",client@ecme.com,,,,,"2025-11-25 16:19:30","2025-11-29 20:54:47","2025-11-29 20:54:47"
87,3,3,1,,onsite,,,"2025-11-27 00:00:00",11:43,480,1200,,confirmed,"Тестовое бронирование для Pacific Photography Studio",,"Test Client","+1 (555) 123-4567",client@ecme.com,,,,,"2025-11-25 16:19:30","2025-11-29 20:54:47","2025-11-29 20:54:47"
88,3,3,1,,onsite,,,"2025-11-28 00:00:00",16:12,480,1200,,confirmed,"Тестовое бронирование для Pacific Photography Studio",,"Test Client","+1 (555) 123-4567",client@ecme.com,,,,,"2025-11-25 16:19:30","2025-11-29 20:54:47","2025-11-29 20:54:47"
89,3,3,1,,onsite,,,"2025-11-28 00:00:00",16:19,480,1200,,confirmed,"Тестовое бронирование для Pacific Photography Studio",,"Test Client","+1 (555) 123-4567",client@ecme.com,,,,,"2025-11-25 16:19:30","2025-11-29 20:54:47","2025-11-29 20:54:47"
90,3,3,1,,onsite,,,"2025-11-29 00:00:00",16:08,480,1200,,confirmed,"Тестовое бронирование для Pacific Photography Studio",,"Test Client","+1 (555) 123-4567",client@ecme.com,,,,,"2025-11-25 16:19:30","2025-11-29 20:54:47","2025-11-29 20:54:47"
91,3,3,1,,onsite,,,"2025-11-30 00:00:00",14:38,480,1200,,pending,"Тестовое бронирование для Pacific Photography Studio",,"Test Client","+1 (555) 123-4567",client@ecme.com,,,,,"2025-11-25 16:19:30","2025-11-29 20:54:47","2025-11-29 20:54:47"
92,3,3,1,,onsite,,,"2025-12-01 00:00:00",15:33,480,1200,,confirmed,"Тестовое бронирование для Pacific Photography Studio",,"Test Client","+1 (555) 123-4567",client@ecme.com,,,,,"2025-11-25 16:19:30","2025-11-29 20:54:47","2025-11-29 20:54:47"
93,3,3,1,,onsite,,,"2025-12-02 00:00:00",12:00,480,1200,,confirmed,"Тестовое бронирование для Pacific Photography Studio",,"Test Client","+1 (555) 123-4567",client@ecme.com,,,,,"2025-11-25 16:19:30","2025-11-29 20:54:47","2025-11-29 20:54:47"
94,3,3,1,,onsite,,,"2025-12-02 00:00:00",15:17,480,1200,,pending,"Тестовое бронирование для Pacific Photography Studio",,"Test Client","+1 (555) 123-4567",client@ecme.com,,,,,"2025-11-25 16:19:30","2025-11-29 20:54:47","2025-11-29 20:54:47"
95,3,3,1,,onsite,,,"2025-11-26 00:00:00",15:36,480,3000,,pending,"Тестовое бронирование для Vegas Events Pro",,"Test Client","+1 (555) 123-4567",client@ecme.com,,,,,"2025-11-25 16:19:30","2025-11-29 20:54:47","2025-11-29 20:54:47"
96,3,3,1,,onsite,,,"2025-11-27 00:00:00",16:34,480,3000,,pending,"Тестовое бронирование для Vegas Events Pro",,"Test Client","+1 (555) 123-4567",client@ecme.com,,,,,"2025-11-25 16:19:30","2025-11-29 20:54:47","2025-11-29 20:54:47"
97,3,3,1,,onsite,,,"2025-11-28 00:00:00",11:39,480,3000,,confirmed,"Тестовое бронирование для Vegas Events Pro",,"Test Client","+1 (555) 123-4567",client@ecme.com,,,,,"2025-11-25 16:19:30","2025-11-29 20:54:47","2025-11-29 20:54:47"
98,3,3,1,,onsite,,,"2025-11-28 00:00:00",10:22,480,3000,,confirmed,"Тестовое бронирование для Vegas Events Pro",,"Test Client","+1 (555) 123-4567",client@ecme.com,,,,,"2025-11-25 16:19:30","2025-11-29 20:54:47","2025-11-29 20:54:47"
99,3,3,1,,onsite,,,"2025-11-29 00:00:00",11:58,480,3000,,confirmed,"Тестовое бронирование для Vegas Events Pro",,"Test Client","+1 (555) 123-4567",client@ecme.com,,,,,"2025-11-25 16:19:30","2025-11-29 20:54:47","2025-11-29 20:54:47"
100,3,3,1,,onsite,,,"2025-11-29 00:00:00",09:17,480,3000,,confirmed,"Тестовое бронирование для Vegas Events Pro",,"Test Client","+1 (555) 123-4567",client@ecme.com,,,,,"2025-11-25 16:19:30","2025-11-29 20:54:47","2025-11-29 20:54:47"
101,3,3,1,,onsite,,,"2025-11-30 00:00:00",12:38,480,3000,,confirmed,"Тестовое бронирование для Vegas Events Pro",,"Test Client","+1 (555) 123-4567",client@ecme.com,,,,,"2025-11-25 16:19:30","2025-11-29 20:54:47","2025-11-29 20:54:47"
102,3,3,1,,onsite,,,"2025-11-30 00:00:00",12:37,480,3000,,confirmed,"Тестовое бронирование для Vegas Events Pro",,"Test Client","+1 (555) 123-4567",client@ecme.com,,,,,"2025-11-25 16:19:30","2025-11-29 20:54:47","2025-11-29 20:54:47"
103,3,3,1,,onsite,,,"2025-12-01 00:00:00",10:01,480,3000,,confirmed,"Тестовое бронирование для Vegas Events Pro",,"Test Client","+1 (555) 123-4567",client@ecme.com,,,,,"2025-11-25 16:19:30","2025-11-29 20:54:47","2025-11-29 20:54:47"
104,3,3,1,,onsite,,,"2025-12-02 00:00:00",12:17,480,3000,,confirmed,"Тестовое бронирование для Vegas Events Pro",,"Test Client","+1 (555) 123-4567",client@ecme.com,,,,,"2025-11-25 16:19:30","2025-11-29 20:54:47","2025-11-29 20:54:47"
105,3,3,2,,onsite,1,,"2025-12-04 00:00:00",19:00,60,65,,completed,12,,"Иван Иванов","+7 (999) 111-11-11",client@ecme.com,,,,,"2025-11-29 20:55:17","2025-12-22 19:08:11","2025-12-22 19:08:11"
106,3,,2,,onsite,1,,"2025-12-08 00:00:00",10:00,120,200,,new,,,"Иван Иванов","+7 (999) 111-11-11",client@ecme.com,,,,,"2025-12-03 23:00:56","2025-12-03 23:26:08","2025-12-03 23:26:08"
107,3,3,2,,onsite,1,,"2025-12-08 00:00:00",15:00,120,400,,cancelled,,,"Иван Иванов","+7 (999) 111-11-11",client@ecme.com,,,"2025-12-03 23:09:48","Отменено клиентом","2025-12-03 23:02:09","2025-12-21 21:24:50","2025-12-21 21:24:50"
108,3,3,2,,onsite,2,,"2025-12-07 00:00:00",10:00,120,400,,cancelled,,,"Иван Иванов","+7 (999) 111-11-11",client@ecme.com,,,"2025-12-03 23:09:50","Отменено клиентом","2025-12-03 23:02:44","2025-12-22 19:08:11","2025-12-22 19:08:11"
109,3,3,2,,onsite,2,,"2025-12-07 00:00:00",12:00,120,400,,cancelled,,,"Иван Иванов","+7 (999) 111-11-11",client@ecme.com,,,"2025-12-03 23:13:18","Отменено клиентом","2025-12-03 23:10:09","2025-12-22 19:08:11","2025-12-22 19:08:11"
110,3,3,2,,onsite,1,,"2025-12-07 00:00:00",11:00,120,400,,cancelled,,,"Иван Иванов","+7 (999) 111-11-11",client@ecme.com,,,"2025-12-03 23:15:10","Отменено клиентом","2025-12-03 23:13:56","2025-12-22 19:08:11","2025-12-22 19:08:11"
111,3,3,2,,onsite,1,,"2025-12-05 00:00:00",10:00,120,400,,cancelled,,,"Иван Иванов","+7 (999) 111-11-11",client@ecme.com,,,"2025-12-03 23:18:43","Отменено клиентом","2025-12-03 23:15:23","2025-12-22 19:08:11","2025-12-22 19:08:11"
112,3,3,2,77,onsite,1,,"2025-12-05 00:00:00",10:00,120,400,,cancelled,,,"Иван Иванов","+7 (999) 111-11-11",client@ecme.com,,,"2025-12-03 23:22:20","Отменено клиентом","2025-12-03 23:18:55","2025-12-22 19:08:11","2025-12-22 19:08:11"
113,3,3,2,77,onsite,1,,"2025-12-07 00:00:00",12:00,120,400,,cancelled,,,"Иван Иванов","+7 (999) 111-11-11",client@ecme.com,,,"2025-12-03 23:25:51","Отменено клиентом","2025-12-03 23:22:35","2025-12-22 19:08:11","2025-12-22 19:08:11"
114,3,3,2,77,onsite,1,,"2025-12-06 00:00:00",12:00,120,400,,cancelled,,,"Иван Иванов","+7 (999) 111-11-11",client@ecme.com,,,"2025-12-07 19:47:23","Отменено клиентом","2025-12-03 23:26:17","2025-12-22 19:08:11","2025-12-22 19:08:11"
115,3,3,2,77,onsite,1,,"2025-12-06 00:00:00",12:00,120,400,,new,,,"Иван Иванов","+7 (999) 111-11-11",client@ecme.com,,,,,"2025-12-03 23:31:18","2025-12-22 19:08:11","2025-12-22 19:08:11"
116,3,3,2,77,onsite,1,,"2025-12-06 00:00:00",12:00,120,400,,new,,,"Иван Иванов","+7 (999) 111-11-11",client@ecme.com,,,,,"2025-12-03 23:38:44","2025-12-22 19:08:11","2025-12-22 19:08:11"
117,3,,2,,onsite,,,"2025-12-12 00:00:00",16:00,60,0,,confirmed,,,Алексей,55555555,brource@gmail.com,,,,,"2025-12-08 11:52:16","2025-12-22 19:08:11","2025-12-22 19:08:11"
118,3,3,2,97,onsite,1,,"2025-12-14 00:00:00",13:00,30,50,,cancelled,,,"Иван Иванов","+7 (999) 111-11-11",client@ecme.com,,,"2025-12-14 17:52:05","Отменено клиентом","2025-12-10 12:04:42","2025-12-22 19:08:11","2025-12-22 19:08:11"
119,3,3,1,95,onsite,,,"2025-12-15 00:00:00",15:00,60,2000,,cancelled,,,"Иван Иванов","+7 (999) 111-11-11",client@ecme.com,,,"2025-12-14 21:53:35","Отменено клиентом","2025-12-14 20:50:28","2025-12-14 22:00:34","2025-12-14 22:00:34"
120,3,3,1,95,onsite,,,"2025-12-15 00:00:00",14:00,60,2000,,cancelled,,,"Иван Иванов","+7 (999) 111-11-11",client@ecme.com,,,"2025-12-14 21:53:37","Отменено клиентом","2025-12-14 20:59:04","2025-12-14 22:00:32","2025-12-14 22:00:32"
121,3,3,1,95,onsite,,,"2025-12-15 00:00:00",13:00,60,2000,,cancelled,,,"Иван Иванов","+7 (999) 111-11-11",client@ecme.com,,,"2025-12-14 21:53:38","Отменено клиентом","2025-12-14 21:14:54","2025-12-14 22:00:36","2025-12-14 22:00:36"
122,3,3,1,95,onsite,2,,"2025-12-15 00:00:00",13:00,60,2000,,new,,,"Иван Иванов","+7 (999) 111-11-11",client@ecme.com,,,,,"2025-12-14 21:56:42","2025-12-22 19:08:11","2025-12-22 19:08:11"
123,3,3,1,95,onsite,1,,"2025-12-15 00:00:00",13:00,60,2000,,new,,,"Иван Иванов","+7 (999) 111-11-11",client@ecme.com,,,,,"2025-12-14 21:56:50","2025-12-22 19:08:11","2025-12-22 19:08:11"
124,3,3,1,95,onsite,1,,"2025-12-15 00:00:00",14:00,60,2000,,confirmed,,,"Иван Иванов","+7 (999) 111-11-11",client@ecme.com,,,,,"2025-12-14 21:57:32","2025-12-22 19:08:11","2025-12-22 19:08:11"
125,3,3,1,80,onsite,1,,"2025-12-18 00:00:00",11:00,45,45,,new,,,"Иван Иванов","+7 (999) 111-11-11",client@ecme.com,,,,,"2025-12-15 14:24:38","2025-12-22 19:08:11","2025-12-22 19:08:11"
126,3,,2,80,onsite,1,,"2025-12-19 00:00:00",12:00,60,65,,new,,,766,23162544365,,,,,,"2025-12-16 17:25:42","2025-12-22 19:08:11","2025-12-22 19:08:11"
127,3,3,1,73,onsite,1,,"2025-12-18 00:00:00",10:00,60,120,,new,,,"Иван Иванов","+7 (999) 111-11-11",client@ecme.com,,,,,"2025-12-17 11:31:07","2025-12-22 19:08:11","2025-12-22 19:08:11"
128,3,3,1,73,onsite,1,,"2025-12-19 00:00:00",11:00,60,120,,new,,,"Иван Иванов","+7 (999) 111-11-11",client@ecme.com,,,,,"2025-12-17 11:31:19","2025-12-22 19:08:11","2025-12-22 19:08:11"
129,3,3,1,73,onsite,1,,"2025-12-19 00:00:00",10:00,60,120,,new,,,"Иван Иванов","+7 (999) 111-11-11",client@ecme.com,,,,,"2025-12-17 11:31:39","2025-12-22 19:08:11","2025-12-22 19:08:11"
130,3,3,1,73,onsite,1,,"2025-12-19 00:00:00",09:00,60,120,,new,,,"Иван Иванов","+7 (999) 111-11-11",client@ecme.com,,,,,"2025-12-17 11:34:37","2025-12-22 19:08:11","2025-12-22 19:08:11"
131,3,3,1,73,onsite,1,,"2025-12-19 00:00:00",13:00,60,120,,new,,,"Иван Иванов","+7 (999) 111-11-11",client@ecme.com,,,,,"2025-12-17 11:36:02","2025-12-22 19:08:11","2025-12-22 19:08:11"
132,3,3,1,73,onsite,1,,"2025-12-19 00:00:00",14:00,60,120,,new,,,"Иван Иванов","+7 (999) 111-11-11",client@ecme.com,,,,,"2025-12-17 11:38:34","2025-12-22 19:08:11","2025-12-22 19:08:11"
133,3,3,1,73,onsite,1,,"2025-12-19 00:00:00",15:00,60,120,130,new,,,"Иван Иванов","+7 (999) 111-11-11",client@ecme.com,,,,,"2025-12-17 11:40:54","2025-12-22 19:08:11","2025-12-22 19:08:11"
134,3,3,1,73,onsite,1,,"2025-12-20 00:00:00",12:00,60,120,,new,,,"Иван Иванов","+7 (999) 111-11-11",client@ecme.com,,,,,"2025-12-18 13:04:58","2025-12-22 19:08:11","2025-12-22 19:08:11"
135,3,3,1,73,onsite,1,,"2025-12-20 00:00:00",11:00,60,120,130,new,,,"Иван Иванов","+7 (999) 111-11-11",client@ecme.com,,,,,"2025-12-18 13:05:28","2025-12-22 19:08:11","2025-12-22 19:08:11"
136,3,3,1,73,onsite,1,,"2025-12-18 00:00:00",19:00,60,120,,new,,,"Иван Иванов","+7 (999) 111-11-11",client@ecme.com,,,,,"2025-12-18 13:36:32","2025-12-22 19:08:11","2025-12-22 19:08:11"
137,3,3,1,76,onsite,1,,"2025-12-20 00:00:00",15:00,90,90,,new,,,"Иван Иванов","+7 (999) 111-11-11",client@ecme.com,,,,,"2025-12-18 17:39:39","2025-12-22 19:08:11","2025-12-22 19:08:11"
138,3,3,9,73,onsite,1,,"2025-12-20 00:00:00",10:00,60,180,190,new,,,"Иван Иванов","+7 (999) 111-11-11",client@ecme.com,,,,,"2025-12-18 18:01:12","2025-12-22 19:08:11","2025-12-22 19:08:11"
139,3,3,90,80,onsite,1,,"2025-12-19 00:00:00",16:00,30,50,60,new,,,"Иван Иванов","+7 (999) 111-11-11",client@ecme.com,,,,,"2025-12-18 20:38:16","2025-12-22 19:08:11","2025-12-22 19:08:11"
141,3,3,7,,onsite,,,"2025-12-21 00:00:00",02:00,60,0,,new,12,,"Иван Иванов","+7 (999) 111-11-11",client@ecme.com,,,,,"2025-12-20 22:23:43","2025-12-22 19:08:11","2025-12-22 19:08:11"
142,3,3,9,73,onsite,,,"2025-12-30 00:00:00",18:00,60,0,10,new,,,"Иван Иванов","+7 (999) 111-11-11",client@ecme.com,,,,,"2025-12-21 13:20:30","2025-12-21 13:23:50","2025-12-21 13:23:50"
143,3,3,9,73,onsite,,,"2025-12-30 00:00:00",00:00,60,180,190,new,,,"Иван Иванов","+7 (999) 111-11-11",client@ecme.com,,,,,"2025-12-21 13:24:05","2025-12-22 19:08:11","2025-12-22 19:08:11"
144,3,3,7,73,onsite,,,"2025-12-24 00:00:00",09:00,60,120,120,new,,,"Иван Иванов","+7 (999) 111-11-11",client@ecme.com,,,,,"2025-12-21 21:48:12","2025-12-22 19:08:11","2025-12-22 19:08:11"
145,3,3,9,73,onsite,2,,"2025-12-22 00:00:00",09:00,60,180,190,new,12,,"Иван Иванов","+7 (999) 111-11-11",client@ecme.com,,,,,"2025-12-21 23:33:00","2025-12-22 19:08:11","2025-12-22 19:08:11"
146,3,3,9,73,onsite,1,,"2025-12-30 00:00:00",12:00,60,180,,new,,,"Иван Иванов","+7 (999) 111-11-11",client@ecme.com,,,,,"2025-12-22 12:00:51","2025-12-22 19:08:11","2025-12-22 19:08:11"
147,3,22,12,107,onsite,14,,"2026-02-09 00:00:00",10:00,15,120,,new,,,123,123,,,,,,"2026-02-04 23:41:17","2026-02-04 23:41:17",
148,9,,,,onsite,,,"2026-02-07 00:00:00",09:00,60,0,0,new,]12,,,,,,,,,"2026-02-04 23:45:33","2026-02-04 23:45:56","2026-02-04 23:45:56"
149,9,,,,onsite,,,"2026-02-14 00:00:00",09:00,60,0,0,new,123,,,,,,,,,"2026-02-04 23:45:50","2026-02-04 23:45:53","2026-02-04 23:45:53"
